timestamp,ip_address,status_code,message
2026-06-30 19:39:41,10.0.65.112,401,Multiple failed login attempts
2026-06-30 19:40:04,192.168.1.80,400,Data fetched from DB
2026-06-30 19:40:28,192.168.1.28,200,Data fetched from DB
2026-06-30 19:40:44,192.168.1.68,201,Data fetched from DB
2026-06-30 19:41:02,192.168.1.53,200,Page rendered
2026-06-30 19:41:18,192.168.1.69,200,Image uploaded
2026-06-30 19:41:25,192.168.1.91,200,Data fetched from DB
2026-06-30 19:41:43,192.168.1.66,200,Data fetched from DB
2026-06-30 19:41:46,192.168.1.95,200,Data fetched from DB
2026-06-30 19:42:10,192.168.1.30,200,User updated profile
2026-06-30 19:42:20,192.168.1.52,500,Data fetched from DB
2026-06-30 19:42:41,192.168.1.36,500,User updated profile
2026-06-30 19:43:04,192.168.1.4,301,Image uploaded
2026-06-30 19:43:19,192.168.1.4,200,Image uploaded
2026-06-30 19:43:38,192.168.1.17,302,Image uploaded
2026-06-30 19:43:39,10.0.237.254,401,Multiple failed login attempts
2026-06-30 19:43:41,192.168.1.43,500,Image uploaded
2026-06-30 19:43:55,192.168.1.32,200,Image uploaded
2026-06-30 19:44:13,10.0.203.121,401,Invalid payload format
2026-06-30 19:44:35,192.168.1.24,200,Page rendered
2026-06-30 19:45:03,192.168.1.27,502,User logged in successfully
2026-06-30 19:45:11,192.168.1.50,400,Page rendered
2026-06-30 19:45:16,192.168.1.84,200,Data fetched from DB
2026-06-30 19:45:23,192.168.1.52,200,User logged in successfully
2026-06-30 19:45:40,192.168.1.67,200,User logged in successfully
2026-06-30 19:45:53,192.168.1.80,502,User updated profile
2026-06-30 19:45:59,192.168.1.24,200,User logged in successfully
2026-06-30 19:46:02,192.168.1.18,301,Page rendered
2026-06-30 19:46:17,192.168.1.56,200,User updated profile
2026-06-30 19:46:19,192.168.1.25,404,Data fetched from DB
2026-06-30 19:46:25,192.168.1.94,200,User updated profile
2026-06-30 19:46:52,192.168.1.95,200,Image uploaded
2026-06-30 19:47:01,10.0.98.219,500,Unauthorized access attempt
2026-06-30 19:47:19,192.168.1.48,200,Page rendered
2026-06-30 19:47:28,192.168.1.95,400,Image uploaded
2026-06-30 19:47:31,192.168.1.4,302,Image uploaded
2026-06-30 19:47:51,192.168.1.99,200,Image uploaded
2026-06-30 19:48:12,10.0.63.70,400,Database connection timeout
2026-06-30 19:48:39,192.168.1.41,200,Data fetched from DB
2026-06-30 19:48:53,192.168.1.25,200,User updated profile
2026-06-30 19:49:02,192.168.1.61,200,Data fetched from DB
2026-06-30 19:49:10,192.168.1.17,200,Data fetched from DB
2026-06-30 19:49:27,192.168.1.27,200,User updated profile
2026-06-30 19:49:49,192.168.1.47,302,Page rendered
2026-06-30 19:50:10,192.168.1.36,403,Page rendered
2026-06-30 19:50:38,192.168.1.60,200,User logged in successfully
2026-06-30 19:50:55,192.168.1.61,200,Data fetched from DB
2026-06-30 19:51:23,192.168.1.80,200,Page rendered
2026-06-30 19:51:28,192.168.1.82,200,Data fetched from DB
2026-06-30 19:51:56,192.168.1.34,200,User logged in successfully
2026-06-30 19:52:15,192.168.1.15,200,Data fetched from DB
2026-06-30 19:52:18,192.168.1.32,200,Data fetched from DB
2026-06-30 19:52:24,192.168.1.91,200,Image uploaded
2026-06-30 19:52:36,192.168.1.96,200,User updated profile
2026-06-30 19:53:00,192.168.1.86,400,Data fetched from DB
2026-06-30 19:53:29,192.168.1.75,201,Page rendered
2026-06-30 19:53:43,192.168.1.18,500,User updated profile
2026-06-30 19:53:46,192.168.1.20,302,Image uploaded
2026-06-30 19:54:11,192.168.1.81,400,Image uploaded
2026-06-30 19:54:26,192.168.1.33,200,Data fetched from DB
2026-06-30 19:54:56,192.168.1.50,400,Page rendered
2026-06-30 19:55:12,192.168.1.46,200,Image uploaded
2026-06-30 19:55:18,192.168.1.75,500,Data fetched from DB
2026-06-30 19:55:24,192.168.1.43,400,User logged in successfully
2026-06-30 19:55:52,192.168.1.29,500,User logged in successfully
2026-06-30 19:56:21,192.168.1.92,200,Image uploaded
2026-06-30 19:56:35,192.168.1.98,200,Page rendered
2026-06-30 19:57:02,192.168.1.28,200,User updated profile
2026-06-30 19:57:28,192.168.1.68,200,Page rendered
2026-06-30 19:57:52,192.168.1.55,401,User logged in successfully
2026-06-30 19:58:14,192.168.1.10,200,Data fetched from DB
2026-06-30 19:58:18,10.0.227.25,400,Multiple failed login attempts
2026-06-30 19:58:39,192.168.1.79,200,User updated profile
2026-06-30 19:59:01,192.168.1.89,200,Image uploaded
2026-06-30 19:59:07,192.168.1.65,302,Image uploaded
2026-06-30 19:59:22,192.168.1.98,401,Image uploaded
2026-06-30 19:59:45,10.0.73.165,401,Database connection timeout
2026-06-30 19:59:52,192.168.1.66,301,User updated profile
2026-06-30 19:59:56,192.168.1.38,200,Image uploaded
2026-06-30 20:00:26,192.168.1.33,200,Page rendered
2026-06-30 20:00:31,192.168.1.45,502,Image uploaded
2026-06-30 20:00:53,192.168.1.53,401,User logged in successfully
2026-06-30 20:00:58,192.168.1.4,200,User updated profile
2026-06-30 20:01:21,192.168.1.63,404,Image uploaded
2026-06-30 20:01:29,192.168.1.93,200,Page rendered
2026-06-30 20:01:44,192.168.1.87,302,Page rendered
2026-06-30 20:02:00,192.168.1.30,403,User updated profile
2026-06-30 20:02:05,10.0.71.148,403,Invalid payload format
2026-06-30 20:02:20,192.168.1.78,200,Page rendered
2026-06-30 20:02:48,10.0.240.246,403,Unauthorized access attempt
2026-06-30 20:03:17,192.168.1.7,200,Page rendered
2026-06-30 20:03:29,192.168.1.36,200,Data fetched from DB
2026-06-30 20:03:37,192.168.1.95,200,Page rendered
2026-06-30 20:04:00,10.0.219.191,503,Memory limit exceeded
2026-06-30 20:04:20,192.168.1.34,200,User logged in successfully
2026-06-30 20:04:24,192.168.1.9,302,Image uploaded
2026-06-30 20:04:53,192.168.1.39,301,User logged in successfully
2026-06-30 20:05:06,192.168.1.76,404,User updated profile
2026-06-30 20:05:28,192.168.1.69,404,User updated profile
2026-06-30 20:05:44,10.0.193.20,401,Database connection timeout
2026-06-30 20:05:53,192.168.1.40,200,Page rendered
2026-06-30 20:06:02,10.0.50.48,403,Invalid payload format
2026-06-30 20:06:19,192.168.1.36,302,Image uploaded
2026-06-30 20:06:22,192.168.1.53,200,User updated profile
2026-06-30 20:06:23,192.168.1.1,200,Page rendered
2026-06-30 20:06:26,192.168.1.15,200,Data fetched from DB
2026-06-30 20:06:31,192.168.1.29,200,Data fetched from DB
2026-06-30 20:07:00,10.0.109.10,401,Memory limit exceeded
2026-06-30 20:07:06,10.0.89.40,401,Unauthorized access attempt
2026-06-30 20:07:28,192.168.1.15,200,User logged in successfully
2026-06-30 20:07:50,192.168.1.49,200,Image uploaded
2026-06-30 20:07:51,10.0.83.55,401,Invalid payload format
2026-06-30 20:08:08,192.168.1.31,200,Data fetched from DB
2026-06-30 20:08:26,192.168.1.67,200,User logged in successfully
2026-06-30 20:08:27,192.168.1.47,200,User updated profile
2026-06-30 20:08:33,192.168.1.44,200,User logged in successfully
2026-06-30 20:08:55,192.168.1.42,200,User logged in successfully
2026-06-30 20:09:06,192.168.1.23,200,User updated profile
2026-06-30 20:09:21,192.168.1.29,200,User updated profile
2026-06-30 20:09:43,192.168.1.10,201,Page rendered
2026-06-30 20:09:55,192.168.1.91,200,Data fetched from DB
2026-06-30 20:10:24,192.168.1.60,200,User logged in successfully
2026-06-30 20:10:52,10.0.79.103,401,Invalid payload format
2026-06-30 20:11:22,10.0.253.38,200,Multiple failed login attempts
2026-06-30 20:11:48,192.168.1.58,302,User updated profile
2026-06-30 20:11:59,10.0.111.86,403,Database connection timeout
2026-06-30 20:12:27,192.168.1.19,200,Data fetched from DB
2026-06-30 20:12:30,192.168.1.97,200,User updated profile
2026-06-30 20:13:00,192.168.1.96,502,Image uploaded
2026-06-30 20:13:09,192.168.1.74,200,Data fetched from DB
2026-06-30 20:13:31,192.168.1.33,500,Page rendered
2026-06-30 20:13:57,192.168.1.72,200,Image uploaded
2026-06-30 20:14:00,192.168.1.57,200,Image uploaded
2026-06-30 20:14:07,10.0.237.75,403,Database connection timeout
2026-06-30 20:14:21,10.0.166.153,401,Database connection timeout
2026-06-30 20:14:26,192.168.1.31,200,Data fetched from DB
2026-06-30 20:14:42,192.168.1.89,403,Data fetched from DB
2026-06-30 20:14:45,192.168.1.6,400,Data fetched from DB
2026-06-30 20:15:08,192.168.1.50,200,Image uploaded
2026-06-30 20:15:16,192.168.1.64,500,User logged in successfully
2026-06-30 20:15:42,192.168.1.10,503,User updated profile
2026-06-30 20:16:02,192.168.1.67,400,Page rendered
2026-06-30 20:16:25,10.0.156.97,403,Database connection timeout
2026-06-30 20:16:46,192.168.1.47,404,Image uploaded
2026-06-30 20:16:47,192.168.1.74,200,User logged in successfully
2026-06-30 20:17:04,192.168.1.69,400,User logged in successfully
2026-06-30 20:17:16,192.168.1.25,200,Data fetched from DB
2026-06-30 20:17:20,192.168.1.10,200,User updated profile
2026-06-30 20:17:48,192.168.1.43,201,Page rendered
2026-06-30 20:17:57,192.168.1.51,200,Image uploaded
2026-06-30 20:18:10,192.168.1.29,200,User updated profile
2026-06-30 20:18:31,192.168.1.99,200,Page rendered
2026-06-30 20:18:50,192.168.1.16,200,User updated profile
2026-06-30 20:19:17,192.168.1.40,200,Data fetched from DB
2026-06-30 20:19:21,192.168.1.89,401,Page rendered
2026-06-30 20:19:51,192.168.1.85,200,Image uploaded
2026-06-30 20:19:55,192.168.1.57,200,User logged in successfully
2026-06-30 20:19:59,192.168.1.60,200,User updated profile
2026-06-30 20:20:02,192.168.1.39,301,User updated profile
2026-06-30 20:20:32,192.168.1.59,201,User logged in successfully
2026-06-30 20:20:33,192.168.1.13,200,User logged in successfully
2026-06-30 20:20:37,10.0.226.107,500,Invalid payload format
2026-06-30 20:20:39,192.168.1.92,401,Image uploaded
2026-06-30 20:21:07,192.168.1.56,200,Data fetched from DB
2026-06-30 20:21:29,192.168.1.50,200,Page rendered
2026-06-30 20:21:38,192.168.1.1,400,Page rendered
2026-06-30 20:21:44,192.168.1.28,302,Image uploaded
2026-06-30 20:22:02,192.168.1.94,201,Data fetched from DB
2026-06-30 20:22:18,192.168.1.21,503,Page rendered
2026-06-30 20:22:32,192.168.1.47,200,User updated profile
2026-06-30 20:22:44,10.0.5.35,401,Multiple failed login attempts
2026-06-30 20:22:59,192.168.1.5,201,Data fetched from DB
2026-06-30 20:23:10,192.168.1.13,401,Data fetched from DB
2026-06-30 20:23:23,192.168.1.94,503,Image uploaded
2026-06-30 20:23:33,10.0.174.253,401,Memory limit exceeded
2026-06-30 20:23:49,192.168.1.13,200,Page rendered
2026-06-30 20:24:05,192.168.1.4,201,Image uploaded
2026-06-30 20:24:16,10.0.71.230,403,Multiple failed login attempts
2026-06-30 20:24:45,192.168.1.62,500,Page rendered
2026-06-30 20:25:14,192.168.1.96,200,Data fetched from DB
2026-06-30 20:25:31,192.168.1.7,404,User updated profile
2026-06-30 20:25:32,192.168.1.57,200,Data fetched from DB
2026-06-30 20:25:38,192.168.1.21,200,Page rendered
2026-06-30 20:26:04,192.168.1.63,301,User logged in successfully
2026-06-30 20:26:28,192.168.1.71,200,User logged in successfully
2026-06-30 20:26:30,192.168.1.93,200,Data fetched from DB
2026-06-30 20:26:46,10.0.142.69,401,Invalid payload format
2026-06-30 20:26:59,192.168.1.5,200,Page rendered
2026-06-30 20:27:28,192.168.1.77,201,Data fetched from DB
2026-06-30 20:27:44,192.168.1.40,200,Page rendered
2026-06-30 20:27:51,192.168.1.39,404,User logged in successfully
2026-06-30 20:28:16,192.168.1.74,301,Image uploaded
2026-06-30 20:28:29,192.168.1.21,200,User logged in successfully
2026-06-30 20:28:40,192.168.1.44,302,Image uploaded
2026-06-30 20:29:10,10.0.61.247,502,Multiple failed login attempts
2026-06-30 20:29:40,192.168.1.37,302,Page rendered
2026-06-30 20:30:02,192.168.1.30,200,User logged in successfully
2026-06-30 20:30:16,192.168.1.45,200,Page rendered
2026-06-30 20:30:22,192.168.1.91,201,User updated profile
2026-06-30 20:30:35,192.168.1.12,400,Data fetched from DB
2026-06-30 20:31:00,192.168.1.100,200,Data fetched from DB
2026-06-30 20:31:16,192.168.1.57,500,User updated profile
2026-06-30 20:31:33,192.168.1.20,200,Page rendered
2026-06-30 20:31:50,192.168.1.55,301,User logged in successfully
2026-06-30 20:32:07,192.168.1.16,400,Page rendered
2026-06-30 20:32:18,192.168.1.71,201,Page rendered
2026-06-30 20:32:44,192.168.1.85,200,Image uploaded
2026-06-30 20:33:12,192.168.1.52,200,Page rendered
2026-06-30 20:33:35,192.168.1.15,301,User updated profile
2026-06-30 20:34:02,192.168.1.84,200,User logged in successfully
2026-06-30 20:34:06,192.168.1.91,400,User logged in successfully
2026-06-30 20:34:36,192.168.1.55,404,User updated profile
2026-06-30 20:34:47,192.168.1.56,404,User updated profile
2026-06-30 20:35:07,192.168.1.7,301,Image uploaded
2026-06-30 20:35:08,192.168.1.42,400,Page rendered
2026-06-30 20:35:27,192.168.1.41,200,User updated profile
2026-06-30 20:35:50,192.168.1.81,200,Page rendered
2026-06-30 20:36:04,192.168.1.94,200,Page rendered
2026-06-30 20:36:13,192.168.1.66,200,Data fetched from DB
2026-06-30 20:36:23,192.168.1.88,200,User logged in successfully
2026-06-30 20:36:47,192.168.1.91,500,User updated profile
2026-06-30 20:37:09,192.168.1.19,404,User logged in successfully
2026-06-30 20:37:27,192.168.1.26,200,Data fetched from DB
2026-06-30 20:37:47,192.168.1.3,200,Page rendered
2026-06-30 20:37:56,192.168.1.58,200,User updated profile
2026-06-30 20:38:15,192.168.1.8,403,Image uploaded
2026-06-30 20:38:36,10.0.187.43,401,Memory limit exceeded
2026-06-30 20:39:00,192.168.1.88,301,Image uploaded
2026-06-30 20:39:28,192.168.1.87,302,Data fetched from DB
2026-06-30 20:39:37,192.168.1.39,301,Page rendered
2026-06-30 20:39:42,192.168.1.41,200,User logged in successfully
2026-06-30 20:39:57,192.168.1.85,200,Page rendered
2026-06-30 20:40:27,192.168.1.11,200,User logged in successfully
2026-06-30 20:40:57,10.0.84.213,500,Invalid payload format
2026-06-30 20:41:24,192.168.1.77,403,User logged in successfully
2026-06-30 20:41:41,192.168.1.25,301,Data fetched from DB
2026-06-30 20:41:49,192.168.1.39,201,User updated profile
2026-06-30 20:42:18,192.168.1.37,200,Image uploaded
2026-06-30 20:42:48,192.168.1.73,200,Page rendered
2026-06-30 20:42:50,192.168.1.93,400,Data fetched from DB
2026-06-30 20:42:59,192.168.1.48,200,User logged in successfully
2026-06-30 20:43:04,192.168.1.67,500,Page rendered
2026-06-30 20:43:07,192.168.1.91,301,Image uploaded
2026-06-30 20:43:25,192.168.1.17,200,User updated profile
2026-06-30 20:43:52,192.168.1.96,200,Data fetched from DB
2026-06-30 20:44:00,192.168.1.89,200,User updated profile
2026-06-30 20:44:27,192.168.1.27,200,Image uploaded
2026-06-30 20:44:28,192.168.1.2,200,User updated profile
2026-06-30 20:44:55,192.168.1.30,200,User updated profile
2026-06-30 20:45:12,192.168.1.70,401,Image uploaded
2026-06-30 20:45:36,192.168.1.10,200,User updated profile
2026-06-30 20:45:42,192.168.1.39,200,User logged in successfully
2026-06-30 20:45:51,192.168.1.15,302,User updated profile
2026-06-30 20:46:11,192.168.1.23,200,Image uploaded
2026-06-30 20:46:17,192.168.1.24,200,Data fetched from DB
2026-06-30 20:46:30,10.0.55.209,502,Multiple failed login attempts
2026-06-30 20:46:31,192.168.1.91,500,User updated profile
2026-06-30 20:46:46,192.168.1.26,301,User logged in successfully
2026-06-30 20:46:58,192.168.1.67,200,User logged in successfully
2026-06-30 20:47:14,192.168.1.39,200,Image uploaded
2026-06-30 20:47:41,10.0.100.118,403,Multiple failed login attempts
2026-06-30 20:48:03,192.168.1.96,401,Image uploaded
2026-06-30 20:48:33,192.168.1.38,200,User logged in successfully
2026-06-30 20:48:43,192.168.1.6,502,Image uploaded
2026-06-30 20:48:55,192.168.1.2,200,User logged in successfully
2026-06-30 20:49:19,192.168.1.46,200,Image uploaded
2026-06-30 20:49:43,192.168.1.11,200,Data fetched from DB
2026-06-30 20:50:08,192.168.1.44,200,User logged in successfully
2026-06-30 20:50:11,192.168.1.93,400,User updated profile
2026-06-30 20:50:39,192.168.1.19,200,User updated profile
2026-06-30 20:50:44,192.168.1.77,200,Image uploaded
2026-06-30 20:50:58,192.168.1.68,302,Data fetched from DB
2026-06-30 20:50:59,192.168.1.23,200,Page rendered
2026-06-30 20:51:22,192.168.1.71,200,Image uploaded
2026-06-30 20:51:34,192.168.1.32,302,Data fetched from DB
2026-06-30 20:52:00,192.168.1.69,200,Image uploaded
2026-06-30 20:52:13,192.168.1.95,301,User logged in successfully
2026-06-30 20:52:22,192.168.1.5,200,User logged in successfully
2026-06-30 20:52:24,192.168.1.11,302,Image uploaded
2026-06-30 20:52:42,192.168.1.96,302,User updated profile
2026-06-30 20:52:55,192.168.1.20,200,Page rendered
2026-06-30 20:53:12,192.168.1.83,200,Image uploaded
2026-06-30 20:53:26,192.168.1.42,301,User updated profile
2026-06-30 20:53:35,192.168.1.19,200,Page rendered
2026-06-30 20:53:55,192.168.1.6,200,User logged in successfully
2026-06-30 20:54:09,192.168.1.52,400,User updated profile
2026-06-30 20:54:12,192.168.1.98,200,User updated profile
2026-06-30 20:54:23,192.168.1.53,200,Page rendered
2026-06-30 20:54:53,192.168.1.75,302,User updated profile
2026-06-30 20:55:03,192.168.1.9,200,Image uploaded
2026-06-30 20:55:29,192.168.1.35,200,Image uploaded
2026-06-30 20:55:33,192.168.1.75,200,Page rendered
2026-06-30 20:55:43,192.168.1.6,400,User updated profile
2026-06-30 20:55:44,192.168.1.69,503,Image uploaded
2026-06-30 20:56:00,192.168.1.67,200,Page rendered
2026-06-30 20:56:01,192.168.1.4,500,User logged in successfully
2026-06-30 20:56:23,192.168.1.9,200,Page rendered
2026-06-30 20:56:26,10.0.69.194,403,Database connection timeout
2026-06-30 20:56:46,192.168.1.56,200,User updated profile
2026-06-30 20:56:55,192.168.1.63,200,User logged in successfully
2026-06-30 20:57:18,192.168.1.80,200,Page rendered
2026-06-30 20:57:22,10.0.72.37,401,Multiple failed login attempts
2026-06-30 20:57:39,192.168.1.56,200,User logged in successfully
2026-06-30 20:57:50,192.168.1.63,200,Data fetched from DB
2026-06-30 20:58:07,192.168.1.50,200,Data fetched from DB
2026-06-30 20:58:31,192.168.1.81,200,User logged in successfully
2026-06-30 20:58:48,192.168.1.87,302,User updated profile
2026-06-30 20:58:56,192.168.1.84,403,Image uploaded
2026-06-30 20:59:18,10.0.165.54,401,Memory limit exceeded
2026-06-30 20:59:19,192.168.1.44,200,Page rendered
2026-06-30 20:59:34,192.168.1.12,500,Data fetched from DB
2026-06-30 20:59:45,192.168.1.80,200,Image uploaded
2026-06-30 20:59:47,192.168.1.18,301,Image uploaded
2026-06-30 20:59:59,192.168.1.72,200,User updated profile
2026-06-30 21:00:27,192.168.1.40,404,User updated profile
2026-06-30 21:00:40,192.168.1.11,200,Page rendered
2026-06-30 21:01:08,192.168.1.17,502,User logged in successfully
2026-06-30 21:01:10,192.168.1.16,503,Image uploaded
2026-06-30 21:01:27,192.168.1.88,401,Page rendered
2026-06-30 21:01:42,192.168.1.98,200,User logged in successfully
2026-06-30 21:01:56,192.168.1.22,302,Data fetched from DB
2026-06-30 21:02:22,192.168.1.83,200,User updated profile
2026-06-30 21:02:50,192.168.1.9,502,Page rendered
2026-06-30 21:03:10,192.168.1.29,200,User logged in successfully
2026-06-30 21:03:34,192.168.1.99,200,Image uploaded
2026-06-30 21:03:38,192.168.1.46,201,Page rendered
2026-06-30 21:03:39,192.168.1.84,200,User updated profile
2026-06-30 21:04:02,192.168.1.47,500,User logged in successfully
2026-06-30 21:04:13,192.168.1.63,200,Image uploaded
2026-06-30 21:04:16,192.168.1.14,500,Image uploaded
2026-06-30 21:04:30,192.168.1.34,200,Page rendered
2026-06-30 21:04:53,192.168.1.65,400,Data fetched from DB
2026-06-30 21:05:16,192.168.1.95,201,User logged in successfully
2026-06-30 21:05:25,10.0.97.125,400,Database connection timeout
2026-06-30 21:05:46,192.168.1.57,200,Image uploaded
2026-06-30 21:06:09,10.0.24.172,401,Database connection timeout
2026-06-30 21:06:18,192.168.1.11,201,Image uploaded
2026-06-30 21:06:45,192.168.1.58,200,User logged in successfully
2026-06-30 21:06:49,192.168.1.74,200,Data fetched from DB
2026-06-30 21:06:50,192.168.1.95,200,Image uploaded
2026-06-30 21:07:20,192.168.1.19,502,Image uploaded
2026-06-30 21:07:34,192.168.1.58,200,Data fetched from DB
2026-06-30 21:08:01,192.168.1.37,301,Data fetched from DB
2026-06-30 21:08:03,192.168.1.56,200,Page rendered
2026-06-30 21:08:25,192.168.1.43,403,User logged in successfully
2026-06-30 21:08:43,10.0.11.65,500,Database connection timeout
2026-06-30 21:09:08,192.168.1.33,503,Page rendered
2026-06-30 21:09:27,192.168.1.95,201,Page rendered
2026-06-30 21:09:50,192.168.1.72,400,User logged in successfully
2026-06-30 21:09:51,192.168.1.37,200,Image uploaded
2026-06-30 21:10:20,192.168.1.6,400,User logged in successfully
2026-06-30 21:10:32,192.168.1.22,200,Data fetched from DB
2026-06-30 21:10:58,192.168.1.49,500,Data fetched from DB
2026-06-30 21:11:13,192.168.1.22,200,Image uploaded
2026-06-30 21:11:32,10.0.164.116,404,Unauthorized access attempt
2026-06-30 21:12:02,192.168.1.98,200,User logged in successfully
2026-06-30 21:12:16,192.168.1.6,200,Image uploaded
2026-06-30 21:12:28,192.168.1.20,200,User logged in successfully
2026-06-30 21:12:40,192.168.1.51,401,User logged in successfully
2026-06-30 21:13:07,10.0.183.35,404,Memory limit exceeded
2026-06-30 21:13:17,10.0.58.179,400,Unauthorized access attempt
2026-06-30 21:13:22,10.0.167.179,500,Invalid payload format
2026-06-30 21:13:39,192.168.1.18,503,Image uploaded
2026-06-30 21:14:06,192.168.1.21,301,User logged in successfully
2026-06-30 21:14:21,192.168.1.51,200,User logged in successfully
2026-06-30 21:14:33,192.168.1.58,301,User logged in successfully
2026-06-30 21:15:00,192.168.1.31,200,User updated profile
2026-06-30 21:15:23,192.168.1.63,301,User updated profile
2026-06-30 21:15:51,192.168.1.53,200,User logged in successfully
2026-06-30 21:16:13,192.168.1.32,500,Image uploaded
2026-06-30 21:16:32,192.168.1.96,302,Image uploaded
2026-06-30 21:17:00,192.168.1.31,301,Page rendered
2026-06-30 21:17:22,192.168.1.96,200,Page rendered
2026-06-30 21:17:34,192.168.1.86,500,User updated profile
2026-06-30 21:17:38,192.168.1.22,401,Page rendered
2026-06-30 21:17:59,192.168.1.50,200,User logged in successfully
2026-06-30 21:18:29,192.168.1.29,200,User logged in successfully
2026-06-30 21:18:57,192.168.1.11,200,Page rendered
2026-06-30 21:19:21,192.168.1.66,200,Image uploaded
2026-06-30 21:19:46,192.168.1.44,200,User logged in successfully
2026-06-30 21:20:12,192.168.1.99,200,Data fetched from DB
2026-06-30 21:20:21,192.168.1.45,200,Data fetched from DB
2026-06-30 21:20:46,192.168.1.65,403,Data fetched from DB
2026-06-30 21:20:59,192.168.1.11,200,User updated profile
2026-06-30 21:21:24,192.168.1.96,302,Image uploaded
2026-06-30 21:21:31,192.168.1.78,404,Page rendered
2026-06-30 21:21:45,10.0.183.178,200,Multiple failed login attempts
2026-06-30 21:22:15,192.168.1.77,200,Image uploaded
2026-06-30 21:22:40,192.168.1.83,404,Data fetched from DB
2026-06-30 21:22:49,192.168.1.18,200,Data fetched from DB
2026-06-30 21:23:07,192.168.1.34,200,Data fetched from DB
2026-06-30 21:23:29,10.0.106.39,502,Multiple failed login attempts
2026-06-30 21:23:49,192.168.1.12,200,User logged in successfully
2026-06-30 21:24:10,192.168.1.19,200,User updated profile
2026-06-30 21:24:38,192.168.1.79,201,Image uploaded
2026-06-30 21:24:45,192.168.1.47,200,User logged in successfully
2026-06-30 21:24:47,192.168.1.1,400,User logged in successfully
2026-06-30 21:25:10,192.168.1.68,302,Image uploaded
2026-06-30 21:25:27,192.168.1.37,200,User updated profile
2026-06-30 21:25:49,10.0.17.204,500,Database connection timeout
2026-06-30 21:26:10,10.0.1.66,403,Multiple failed login attempts
2026-06-30 21:26:15,10.0.151.217,401,Memory limit exceeded
2026-06-30 21:26:21,192.168.1.39,200,User logged in successfully
2026-06-30 21:26:50,192.168.1.58,200,Data fetched from DB
2026-06-30 21:27:20,192.168.1.11,200,Page rendered
2026-06-30 21:27:22,192.168.1.53,200,Page rendered
2026-06-30 21:27:24,192.168.1.91,401,Data fetched from DB
2026-06-30 21:27:30,192.168.1.3,500,Page rendered
2026-06-30 21:27:40,192.168.1.81,200,Data fetched from DB
2026-06-30 21:27:53,192.168.1.80,200,User logged in successfully
2026-06-30 21:28:23,192.168.1.80,200,User updated profile
2026-06-30 21:28:43,192.168.1.20,301,User logged in successfully
2026-06-30 21:28:58,192.168.1.3,200,Image uploaded
2026-06-30 21:29:05,192.168.1.13,502,Page rendered
2026-06-30 21:29:09,192.168.1.65,200,Image uploaded
2026-06-30 21:29:15,192.168.1.6,200,Page rendered
2026-06-30 21:29:37,192.168.1.18,200,Data fetched from DB
2026-06-30 21:30:01,192.168.1.44,200,Page rendered
2026-06-30 21:30:18,192.168.1.56,200,User updated profile
2026-06-30 21:30:38,192.168.1.36,301,Image uploaded
2026-06-30 21:30:59,192.168.1.40,502,Image uploaded
2026-06-30 21:31:15,192.168.1.95,200,Image uploaded
2026-06-30 21:31:30,10.0.87.172,502,Unauthorized access attempt
2026-06-30 21:31:34,192.168.1.54,200,User updated profile
2026-06-30 21:31:39,192.168.1.95,200,Image uploaded
2026-06-30 21:31:40,192.168.1.12,200,Page rendered
2026-06-30 21:31:59,192.168.1.99,404,Data fetched from DB
2026-06-30 21:32:23,192.168.1.15,403,Image uploaded
2026-06-30 21:32:43,192.168.1.5,200,Image uploaded
2026-06-30 21:32:49,192.168.1.86,200,User logged in successfully
2026-06-30 21:33:08,192.168.1.72,200,User updated profile
2026-06-30 21:33:37,192.168.1.25,500,Image uploaded
2026-06-30 21:34:05,192.168.1.79,503,Image uploaded
2026-06-30 21:34:18,192.168.1.20,200,Page rendered
2026-06-30 21:34:45,192.168.1.35,400,Image uploaded
2026-06-30 21:35:09,192.168.1.53,200,User updated profile
2026-06-30 21:35:12,192.168.1.53,401,User updated profile
2026-06-30 21:35:19,192.168.1.25,404,User logged in successfully
2026-06-30 21:35:30,192.168.1.40,200,Image uploaded
2026-06-30 21:35:56,192.168.1.58,301,User updated profile
2026-06-30 21:36:11,10.0.148.195,403,Database connection timeout
2026-06-30 21:36:24,192.168.1.38,200,User updated profile
2026-06-30 21:36:39,192.168.1.50,200,Image uploaded
2026-06-30 21:36:57,192.168.1.52,201,Page rendered
2026-06-30 21:37:12,192.168.1.2,200,Image uploaded
2026-06-30 21:37:40,192.168.1.81,201,Page rendered
2026-06-30 21:37:52,192.168.1.28,301,User logged in successfully
2026-06-30 21:37:54,192.168.1.30,200,User updated profile
2026-06-30 21:38:14,192.168.1.12,503,User logged in successfully
2026-06-30 21:38:30,10.0.27.229,200,Multiple failed login attempts
2026-06-30 21:38:37,192.168.1.78,403,User logged in successfully
2026-06-30 21:38:56,192.168.1.50,200,Data fetched from DB
2026-06-30 21:39:20,192.168.1.79,302,Page rendered
2026-06-30 21:39:27,192.168.1.80,404,Data fetched from DB
2026-06-30 21:39:31,192.168.1.87,400,Page rendered
2026-06-30 21:40:01,192.168.1.1,503,User updated profile
2026-06-30 21:40:02,192.168.1.94,200,User logged in successfully
2026-06-30 21:40:04,10.0.235.121,400,Memory limit exceeded
2026-06-30 21:40:06,192.168.1.33,301,Page rendered
2026-06-30 21:40:10,192.168.1.22,200,Page rendered
2026-06-30 21:40:15,192.168.1.51,200,Data fetched from DB
2026-06-30 21:40:29,192.168.1.90,301,User updated profile
2026-06-30 21:40:31,192.168.1.77,200,Image uploaded
2026-06-30 21:40:36,192.168.1.78,200,Data fetched from DB
2026-06-30 21:40:52,192.168.1.85,302,User updated profile
2026-06-30 21:41:22,192.168.1.67,503,User logged in successfully
2026-06-30 21:41:36,192.168.1.3,200,Data fetched from DB
2026-06-30 21:41:48,192.168.1.84,201,Page rendered
2026-06-30 21:42:17,192.168.1.67,200,Page rendered
2026-06-30 21:42:29,192.168.1.46,404,Data fetched from DB
2026-06-30 21:42:55,192.168.1.58,200,Page rendered
2026-06-30 21:43:21,192.168.1.60,200,User logged in successfully
2026-06-30 21:43:30,192.168.1.71,200,User updated profile
2026-06-30 21:43:43,192.168.1.86,301,Image uploaded
2026-06-30 21:44:13,192.168.1.68,200,User logged in successfully
2026-06-30 21:44:28,192.168.1.69,200,User updated profile
2026-06-30 21:44:40,192.168.1.33,200,User updated profile
2026-06-30 21:44:50,192.168.1.67,500,User logged in successfully
2026-06-30 21:45:12,10.0.203.185,404,Database connection timeout
2026-06-30 21:45:22,192.168.1.92,200,Data fetched from DB
2026-06-30 21:45:51,192.168.1.34,200,Page rendered
2026-06-30 21:46:20,10.0.12.72,503,Memory limit exceeded
2026-06-30 21:46:45,192.168.1.85,200,Image uploaded
2026-06-30 21:47:01,192.168.1.33,200,User logged in successfully
2026-06-30 21:47:07,10.0.169.226,403,Unauthorized access attempt
2026-06-30 21:47:12,192.168.1.97,200,User updated profile
2026-06-30 21:47:36,192.168.1.5,200,User updated profile
2026-06-30 21:47:49,192.168.1.4,200,Page rendered
2026-06-30 21:47:52,192.168.1.21,200,Image uploaded
2026-06-30 21:48:16,192.168.1.46,500,User logged in successfully
2026-06-30 21:48:35,192.168.1.28,200,Image uploaded
2026-06-30 21:48:44,192.168.1.33,200,User logged in successfully
2026-06-30 21:49:10,192.168.1.61,403,Image uploaded
2026-06-30 21:49:34,192.168.1.28,302,User logged in successfully
2026-06-30 21:49:39,192.168.1.83,200,Image uploaded
2026-06-30 21:50:06,192.168.1.39,302,Data fetched from DB
2026-06-30 21:50:31,192.168.1.4,200,User logged in successfully
2026-06-30 21:50:59,192.168.1.44,200,Page rendered
2026-06-30 21:51:29,192.168.1.90,301,Image uploaded
2026-06-30 21:51:41,192.168.1.83,200,User updated profile
